<?xml version="1.0" encoding="UTF-8"?>
<metadata xml:lang="en"><Esri><CreaDate>20220420</CreaDate><CreaTime>14032200</CreaTime><ArcGISFormat>1.0</ArcGISFormat><SyncOnce>FALSE</SyncOnce><DataProperties><itemProps><itemName Sync="TRUE">T_palmbeach_02242022_parcels</itemName><imsContentType Sync="TRUE">002</imsContentType><itemLocation><linkage Sync="TRUE">file://\\pafs2\Common\Tax Roll\DOR GIS Map\T_2022\Shapefiles\T_palmbeach_02242022_parcels.shp</linkage><protocol Sync="TRUE">Local Area Network</protocol></itemLocation><itemSize Sync="TRUE">0.000</itemSize></itemProps><coordRef><type Sync="TRUE">Projected</type><geogcsn Sync="TRUE">GCS_North_American_1983_HARN</geogcsn><csUnits Sync="TRUE">Linear Unit: Foot_US (0.304801)</csUnits><projcsn Sync="TRUE">NAD_1983_HARN_StatePlane_Florida_East_FIPS_0901_Feet</projcsn><peXml Sync="TRUE">&lt;ProjectedCoordinateSystem xsi:type='typens:ProjectedCoordinateSystem' xmlns:xsi='http://www.w3.org/2001/XMLSchema-instance' xmlns:xs='http://www.w3.org/2001/XMLSchema' xmlns:typens='http://www.esri.com/schemas/ArcGIS/10.8'&gt;&lt;WKT&gt;PROJCS[&amp;quot;NAD_1983_HARN_StatePlane_Florida_East_FIPS_0901_Feet&amp;quot;,GEOGCS[&amp;quot;GCS_North_American_1983_HARN&amp;quot;,DATUM[&amp;quot;D_North_American_1983_HARN&amp;quot;,SPHEROID[&amp;quot;GRS_1980&amp;quot;,6378137.0,298.257222101]],PRIMEM[&amp;quot;Greenwich&amp;quot;,0.0],UNIT[&amp;quot;Degree&amp;quot;,0.0174532925199433]],PROJECTION[&amp;quot;Transverse_Mercator&amp;quot;],PARAMETER[&amp;quot;False_Easting&amp;quot;,656166.6666666665],PARAMETER[&amp;quot;False_Northing&amp;quot;,0.0],PARAMETER[&amp;quot;Central_Meridian&amp;quot;,-81.0],PARAMETER[&amp;quot;Scale_Factor&amp;quot;,0.9999411764705882],PARAMETER[&amp;quot;Latitude_Of_Origin&amp;quot;,24.33333333333333],UNIT[&amp;quot;Foot_US&amp;quot;,0.3048006096012192],AUTHORITY[&amp;quot;EPSG&amp;quot;,2881]]&lt;/WKT&gt;&lt;XOrigin&gt;-17791300&lt;/XOrigin&gt;&lt;YOrigin&gt;-41645400&lt;/YOrigin&gt;&lt;XYScale&gt;137249422.94257641&lt;/XYScale&gt;&lt;ZOrigin&gt;-100000&lt;/ZOrigin&gt;&lt;ZScale&gt;10000&lt;/ZScale&gt;&lt;MOrigin&gt;-100000&lt;/MOrigin&gt;&lt;MScale&gt;10000&lt;/MScale&gt;&lt;XYTolerance&gt;0.0032808333333333331&lt;/XYTolerance&gt;&lt;ZTolerance&gt;0.001&lt;/ZTolerance&gt;&lt;MTolerance&gt;0.001&lt;/MTolerance&gt;&lt;HighPrecision&gt;true&lt;/HighPrecision&gt;&lt;WKID&gt;2881&lt;/WKID&gt;&lt;LatestWKID&gt;2881&lt;/LatestWKID&gt;&lt;/ProjectedCoordinateSystem&gt;</peXml></coordRef><lineage><Process ToolSource="c:\program files (x86)\arcgis\desktop10.5\ArcToolbox\Toolboxes\Conversion Tools.tbx\FeatureClassToFeatureClass" Date="20180124" Time="105248">FeatureClassToFeatureClass "Database Connections\KDOSHI on pagisPnew.sde\KDOSHI.PAO\KDOSHI.PACONDOUNIT_2D_TEST" "Database Connections\PAGISMAP on pagisPnew.sde\PAGISMAP.PAO" PACONDOUNIT_2D_TEST # "PARID "PARID" true true false 17 Text 0 0 ,First,#,Database Connections\KDOSHI on pagisPnew.sde\KDOSHI.PAO\KDOSHI.PACONDOUNIT_2D_TEST,PARID,-1,-1;CTY "CTY" true true false 2 Text 0 0 ,First,#,Database Connections\KDOSHI on pagisPnew.sde\KDOSHI.PAO\KDOSHI.PACONDOUNIT_2D_TEST,CTY,-1,-1;RNG "RNG" true true false 2 Text 0 0 ,First,#,Database Connections\KDOSHI on pagisPnew.sde\KDOSHI.PAO\KDOSHI.PACONDOUNIT_2D_TEST,RNG,-1,-1;TWP "TWP" true true false 2 Text 0 0 ,First,#,Database Connections\KDOSHI on pagisPnew.sde\KDOSHI.PAO\KDOSHI.PACONDOUNIT_2D_TEST,TWP,-1,-1;SEC "SEC" true true false 2 Text 0 0 ,First,#,Database Connections\KDOSHI on pagisPnew.sde\KDOSHI.PAO\KDOSHI.PACONDOUNIT_2D_TEST,SEC,-1,-1;SUBD "SUB" true true false 2 Text 0 0 ,First,#,Database Connections\KDOSHI on pagisPnew.sde\KDOSHI.PAO\KDOSHI.PACONDOUNIT_2D_TEST,SUBD,-1,-1;BLK "BLK" true true false 3 Text 0 0 ,First,#,Database Connections\KDOSHI on pagisPnew.sde\KDOSHI.PAO\KDOSHI.PACONDOUNIT_2D_TEST,BLK,-1,-1;LOT "LOT" true true false 4 Text 0 0 ,First,#,Database Connections\KDOSHI on pagisPnew.sde\KDOSHI.PAO\KDOSHI.PACONDOUNIT_2D_TEST,LOT,-1,-1;STATUSFLAG "STATUSFLAG" true true false 1 Text 0 0 ,First,#,Database Connections\KDOSHI on pagisPnew.sde\KDOSHI.PAO\KDOSHI.PACONDOUNIT_2D_TEST,STATUSFLAG,-1,-1;CREATEDATE "CREATEDATE" true true false 8 Date 0 0 ,First,#,Database Connections\KDOSHI on pagisPnew.sde\KDOSHI.PAO\KDOSHI.PACONDOUNIT_2D_TEST,CREATEDATE,-1,-1;HISTORYDATE "HISTORYDATE" true true false 8 Date 0 0 ,First,#,Database Connections\KDOSHI on pagisPnew.sde\KDOSHI.PAO\KDOSHI.PACONDOUNIT_2D_TEST,HISTORYDATE,-1,-1;TAXYEAR "TAXYEAR" true true false 2 Short 0 4 ,First,#,Database Connections\KDOSHI on pagisPnew.sde\KDOSHI.PAO\KDOSHI.PACONDOUNIT_2D_TEST,TAXYEAR,-1,-1;ENDTAXYEAR "ENDTAXYEAR" true true false 2 Short 0 4 ,First,#,Database Connections\KDOSHI on pagisPnew.sde\KDOSHI.PAO\KDOSHI.PACONDOUNIT_2D_TEST,ENDTAXYEAR,-1,-1;ISVISIBLE "ISVISIBLE" true true false 10 Text 0 0 ,First,#,Database Connections\KDOSHI on pagisPnew.sde\KDOSHI.PAO\KDOSHI.PACONDOUNIT_2D_TEST,ISVISIBLE,-1,-1;ACRES "ACRES" true true false 8 Double 8 38 ,First,#,Database Connections\KDOSHI on pagisPnew.sde\KDOSHI.PAO\KDOSHI.PACONDOUNIT_2D_TEST,ACRES,-1,-1;USER_ID_ENT_BY "USER_ID_ENT_BY" true true false 8 Text 0 0 ,First,#,Database Connections\KDOSHI on pagisPnew.sde\KDOSHI.PAO\KDOSHI.PACONDOUNIT_2D_TEST,USER_ID_ENT_BY,-1,-1;DT_ENT "DT_ENT" true true false 8 Date 0 0 ,First,#,Database Connections\KDOSHI on pagisPnew.sde\KDOSHI.PAO\KDOSHI.PACONDOUNIT_2D_TEST,DT_ENT,-1,-1;USER_ID_CHG_BY "USER_ID_CHG_BY" true true false 8 Text 0 0 ,First,#,Database Connections\KDOSHI on pagisPnew.sde\KDOSHI.PAO\KDOSHI.PACONDOUNIT_2D_TEST,USER_ID_CHG_BY,-1,-1;DT_CHG "DT_CHG" true true false 8 Date 0 0 ,First,#,Database Connections\KDOSHI on pagisPnew.sde\KDOSHI.PAO\KDOSHI.PACONDOUNIT_2D_TEST,DT_CHG,-1,-1;SE_ANNO_CAD_DATA "SE_ANNO_CAD_DATA" true true false 0 Blob 0 0 ,First,#,Database Connections\KDOSHI on pagisPnew.sde\KDOSHI.PAO\KDOSHI.PACONDOUNIT_2D_TEST,SE_ANNO_CAD_DATA,-1,-1;PARCELNO "PARCELNO" true true false 17 Text 0 0 ,First,#,Database Connections\KDOSHI on pagisPnew.sde\KDOSHI.PAO\KDOSHI.PACONDOUNIT_2D_TEST,PARCELNO,-1,-1;PARCELLABEL "PARCELLABEL" true true false 90 Text 0 0 ,First,#,Database Connections\KDOSHI on pagisPnew.sde\KDOSHI.PAO\KDOSHI.PACONDOUNIT_2D_TEST,PARCELLABEL,-1,-1;SHAPE_AREA "SHAPE_AREA" false false true 0 Double 0 0 ,First,#,Database Connections\KDOSHI on pagisPnew.sde\KDOSHI.PAO\KDOSHI.PACONDOUNIT_2D_TEST,SHAPE.AREA,-1,-1;SHAPE_LEN "SHAPE_LEN" false false true 0 Double 0 0 ,First,#,Database Connections\KDOSHI on pagisPnew.sde\KDOSHI.PAO\KDOSHI.PACONDOUNIT_2D_TEST,SHAPE.LEN,-1,-1" DEFAULTS</Process><Process ToolSource="c:\program files (x86)\arcgis\desktop10.5\ArcToolbox\Toolboxes\Conversion Tools.tbx\FeatureClassToFeatureClass" Date="20190307" Time="125446">FeatureClassToFeatureClass "Database Connections\pagismap on pagisP.sde\PAGISMAP.PAO\PAGISMAP.PACONDOUNIT" "Database Connections\pagismap on pagisP.sde\PAGISMAP.PAO" PACONDOUNIT_NEW "ROWNUM &lt; 1" "PARID "PARID" true true false 17 Text 0 0 ,First,#,Database Connections\pagismap on pagisP.sde\PAGISMAP.PAO\PAGISMAP.PACONDOUNIT,PARID,-1,-1;CTY "CTY" true true false 2 Text 0 0 ,First,#,Database Connections\pagismap on pagisP.sde\PAGISMAP.PAO\PAGISMAP.PACONDOUNIT,CTY,-1,-1;RNG "RNG" true true false 2 Text 0 0 ,First,#,Database Connections\pagismap on pagisP.sde\PAGISMAP.PAO\PAGISMAP.PACONDOUNIT,RNG,-1,-1;TWP "TWP" true true false 2 Text 0 0 ,First,#,Database Connections\pagismap on pagisP.sde\PAGISMAP.PAO\PAGISMAP.PACONDOUNIT,TWP,-1,-1;SEC "SEC" true true false 2 Text 0 0 ,First,#,Database Connections\pagismap on pagisP.sde\PAGISMAP.PAO\PAGISMAP.PACONDOUNIT,SEC,-1,-1;SUBD "SUB" true true false 2 Text 0 0 ,First,#,Database Connections\pagismap on pagisP.sde\PAGISMAP.PAO\PAGISMAP.PACONDOUNIT,SUBD,-1,-1;BLK "BLK" true true false 3 Text 0 0 ,First,#,Database Connections\pagismap on pagisP.sde\PAGISMAP.PAO\PAGISMAP.PACONDOUNIT,BLK,-1,-1;LOT "LOT" true true false 4 Text 0 0 ,First,#,Database Connections\pagismap on pagisP.sde\PAGISMAP.PAO\PAGISMAP.PACONDOUNIT,LOT,-1,-1;STATUSFLAG "STATUSFLAG" true true false 1 Text 0 0 ,First,#,Database Connections\pagismap on pagisP.sde\PAGISMAP.PAO\PAGISMAP.PACONDOUNIT,STATUSFLAG,-1,-1;CREATEDATE "CREATEDATE" true true false 8 Date 0 0 ,First,#,Database Connections\pagismap on pagisP.sde\PAGISMAP.PAO\PAGISMAP.PACONDOUNIT,CREATEDATE,-1,-1;HISTORYDATE "HISTORYDATE" true true false 8 Date 0 0 ,First,#,Database Connections\pagismap on pagisP.sde\PAGISMAP.PAO\PAGISMAP.PACONDOUNIT,HISTORYDATE,-1,-1;TAXYEAR "TAXYEAR" true true false 2 Short 0 4 ,First,#,Database Connections\pagismap on pagisP.sde\PAGISMAP.PAO\PAGISMAP.PACONDOUNIT,TAXYEAR,-1,-1;ENDTAXYEAR "ENDTAXYEAR" true true false 2 Short 0 4 ,First,#,Database Connections\pagismap on pagisP.sde\PAGISMAP.PAO\PAGISMAP.PACONDOUNIT,ENDTAXYEAR,-1,-1;ISVISIBLE "ISVISIBLE" true true false 10 Text 0 0 ,First,#,Database Connections\pagismap on pagisP.sde\PAGISMAP.PAO\PAGISMAP.PACONDOUNIT,ISVISIBLE,-1,-1;ACRES "ACRES" true true false 8 Double 8 38 ,First,#,Database Connections\pagismap on pagisP.sde\PAGISMAP.PAO\PAGISMAP.PACONDOUNIT,ACRES,-1,-1;USER_ID_ENT_BY "USER_ID_ENT_BY" true true false 8 Text 0 0 ,First,#,Database Connections\pagismap on pagisP.sde\PAGISMAP.PAO\PAGISMAP.PACONDOUNIT,USER_ID_ENT_BY,-1,-1;DT_ENT "DT_ENT" true true false 8 Date 0 0 ,First,#,Database Connections\pagismap on pagisP.sde\PAGISMAP.PAO\PAGISMAP.PACONDOUNIT,DT_ENT,-1,-1;USER_ID_CHG_BY "USER_ID_CHG_BY" true true false 8 Text 0 0 ,First,#,Database Connections\pagismap on pagisP.sde\PAGISMAP.PAO\PAGISMAP.PACONDOUNIT,USER_ID_CHG_BY,-1,-1;DT_CHG "DT_CHG" true true false 8 Date 0 0 ,First,#,Database Connections\pagismap on pagisP.sde\PAGISMAP.PAO\PAGISMAP.PACONDOUNIT,DT_CHG,-1,-1;SE_ANNO_CAD_DATA "SE_ANNO_CAD_DATA" true true false 0 Blob 0 0 ,First,#,Database Connections\pagismap on pagisP.sde\PAGISMAP.PAO\PAGISMAP.PACONDOUNIT,SE_ANNO_CAD_DATA,-1,-1;PARCELNO "PARCELNO" true true false 17 Text 0 0 ,First,#,Database Connections\pagismap on pagisP.sde\PAGISMAP.PAO\PAGISMAP.PACONDOUNIT,PARCELNO,-1,-1;PARCELLABEL "PARCELLABEL" true true false 90 Text 0 0 ,First,#,Database Connections\pagismap on pagisP.sde\PAGISMAP.PAO\PAGISMAP.PACONDOUNIT,PARCELLABEL,-1,-1;SHAPE_AREA "SHAPE_AREA" false false true 0 Double 0 0 ,First,#,Database Connections\pagismap on pagisP.sde\PAGISMAP.PAO\PAGISMAP.PACONDOUNIT,SHAPE.AREA,-1,-1;SHAPE_LEN "SHAPE_LEN" false false true 0 Double 0 0 ,First,#,Database Connections\pagismap on pagisP.sde\PAGISMAP.PAO\PAGISMAP.PACONDOUNIT,SHAPE.LEN,-1,-1" DEFAULTS</Process><Process ToolSource="c:\program files (x86)\arcgis\desktop10.8\ArcToolbox\Toolboxes\Conversion Tools.tbx\FeatureClassToFeatureClass" Date="20220224" Time="102937">FeatureClassToFeatureClass G:\Migration\JENCK.sde\PAGISMAP.PAO\PAGISMAP.PACONDOUNIT "W:\Tax Roll\DOR GIS Map\T_2022\Geodatabase\T_2022.gdb" PACONDOUNIT_Y0 # "PARID "PARID" true true false 17 Text 0 0 ,First,#,G:\Migration\JENCK.sde\PAGISMAP.PAO\PAGISMAP.PACONDOUNIT,PARID,-1,-1;CTY "CTY" true true false 2 Text 0 0 ,First,#,G:\Migration\JENCK.sde\PAGISMAP.PAO\PAGISMAP.PACONDOUNIT,CTY,-1,-1;RNG "RNG" true true false 2 Text 0 0 ,First,#,G:\Migration\JENCK.sde\PAGISMAP.PAO\PAGISMAP.PACONDOUNIT,RNG,-1,-1;TWP "TWP" true true false 2 Text 0 0 ,First,#,G:\Migration\JENCK.sde\PAGISMAP.PAO\PAGISMAP.PACONDOUNIT,TWP,-1,-1;SEC "SEC" true true false 2 Text 0 0 ,First,#,G:\Migration\JENCK.sde\PAGISMAP.PAO\PAGISMAP.PACONDOUNIT,SEC,-1,-1;SUBD "SUB" true true false 2 Text 0 0 ,First,#,G:\Migration\JENCK.sde\PAGISMAP.PAO\PAGISMAP.PACONDOUNIT,SUBD,-1,-1;BLK "BLK" true true false 3 Text 0 0 ,First,#,G:\Migration\JENCK.sde\PAGISMAP.PAO\PAGISMAP.PACONDOUNIT,BLK,-1,-1;LOT "LOT" true true false 4 Text 0 0 ,First,#,G:\Migration\JENCK.sde\PAGISMAP.PAO\PAGISMAP.PACONDOUNIT,LOT,-1,-1;CREATEDATE "CREATEDATE" true true false 8 Date 0 0 ,First,#,G:\Migration\JENCK.sde\PAGISMAP.PAO\PAGISMAP.PACONDOUNIT,CREATEDATE,-1,-1;ACRES "ACRES" true true false 8 Double 8 38 ,First,#,G:\Migration\JENCK.sde\PAGISMAP.PAO\PAGISMAP.PACONDOUNIT,ACRES,-1,-1;USER_ID_ENT_BY "USER_ID_ENT_BY" true true false 8 Text 0 0 ,First,#,G:\Migration\JENCK.sde\PAGISMAP.PAO\PAGISMAP.PACONDOUNIT,USER_ID_ENT_BY,-1,-1;DT_ENT "DT_ENT" true true false 8 Date 0 0 ,First,#,G:\Migration\JENCK.sde\PAGISMAP.PAO\PAGISMAP.PACONDOUNIT,DT_ENT,-1,-1;USER_ID_CHG_BY "USER_ID_CHG_BY" true true false 8 Text 0 0 ,First,#,G:\Migration\JENCK.sde\PAGISMAP.PAO\PAGISMAP.PACONDOUNIT,USER_ID_CHG_BY,-1,-1;DT_CHG "DT_CHG" true true false 8 Date 0 0 ,First,#,G:\Migration\JENCK.sde\PAGISMAP.PAO\PAGISMAP.PACONDOUNIT,DT_CHG,-1,-1;SE_ANNO_CAD_DATA "SE_ANNO_CAD_DATA" true true false 0 Blob 0 0 ,First,#,G:\Migration\JENCK.sde\PAGISMAP.PAO\PAGISMAP.PACONDOUNIT,SE_ANNO_CAD_DATA,-1,-1;PARCELNO "PARCELNO" true true false 17 Text 0 0 ,First,#,G:\Migration\JENCK.sde\PAGISMAP.PAO\PAGISMAP.PACONDOUNIT,PARCELNO,-1,-1;PARCELLABEL "PARCELLABEL" true true false 90 Text 0 0 ,First,#,G:\Migration\JENCK.sde\PAGISMAP.PAO\PAGISMAP.PACONDOUNIT,PARCELLABEL,-1,-1;SHAPE_AREA "SHAPE_AREA" false false true 0 Double 0 0 ,First,#,G:\Migration\JENCK.sde\PAGISMAP.PAO\PAGISMAP.PACONDOUNIT,SHAPE.AREA,-1,-1;SHAPE_LEN "SHAPE_LEN" false false true 0 Double 0 0 ,First,#,G:\Migration\JENCK.sde\PAGISMAP.PAO\PAGISMAP.PACONDOUNIT,SHAPE.LEN,-1,-1" #</Process><Process ToolSource="c:\program files (x86)\arcgis\desktop10.8\ArcToolbox\Toolboxes\Data Management Tools.tbx\CalculateField" Date="20220224" Time="110656">CalculateField PACONDOUNIT_Y0 ACRES "ROUND(ROUND([SHAPE_Area]/43560,3),2) " VB #</Process><Process ToolSource="c:\program files (x86)\arcgis\desktop10.8\ArcToolbox\Toolboxes\Data Management Tools.tbx\CalculateField" Date="20220224" Time="110810">CalculateField PACONDOUNIT_Y0 ACRES "ROUND(ROUND([SHAPE_Area]/43560,3),2) " VB #</Process><Process ToolSource="c:\program files (x86)\arcgis\desktop10.8\ArcToolbox\Toolboxes\Data Management Tools.tbx\CalculateField" Date="20220224" Time="111026">CalculateField PACONDOUNIT_Y0 ACRES "ROUND(ROUND([SHAPE_Area]/43560,3),2) " VB #</Process><Process ToolSource="c:\program files (x86)\arcgis\desktop10.8\ArcToolbox\Toolboxes\Data Management Tools.tbx\Merge" Date="20220224" Time="111507">Merge 'W:\Tax Roll\DOR GIS Map\T_2022\Geodatabase\T_2022.gdb\PACONDOUNIT_Y0';'W:\Tax Roll\DOR GIS Map\T_2022\Geodatabase\T_2022.gdb\PAPARCEL' "W:\Tax Roll\DOR GIS Map\T_2022\Geodatabase\T_2022.gdb\PACONDOUNIT_Y0_Merge" "PARID "PARID" true true false 17 Text 0 0 ,First,#,W:\Tax Roll\DOR GIS Map\T_2022\Geodatabase\T_2022.gdb\PACONDOUNIT_Y0,PARID,-1,-1,W:\Tax Roll\DOR GIS Map\T_2022\Geodatabase\T_2022.gdb\PAPARCEL,PARID,-1,-1;CTY "CTY" true true false 2 Text 0 0 ,First,#,W:\Tax Roll\DOR GIS Map\T_2022\Geodatabase\T_2022.gdb\PACONDOUNIT_Y0,CTY,-1,-1,W:\Tax Roll\DOR GIS Map\T_2022\Geodatabase\T_2022.gdb\PAPARCEL,CTY,-1,-1;RNG "RNG" true true false 2 Text 0 0 ,First,#,W:\Tax Roll\DOR GIS Map\T_2022\Geodatabase\T_2022.gdb\PACONDOUNIT_Y0,RNG,-1,-1,W:\Tax Roll\DOR GIS Map\T_2022\Geodatabase\T_2022.gdb\PAPARCEL,RNG,-1,-1;TWP "TWP" true true false 2 Text 0 0 ,First,#,W:\Tax Roll\DOR GIS Map\T_2022\Geodatabase\T_2022.gdb\PACONDOUNIT_Y0,TWP,-1,-1,W:\Tax Roll\DOR GIS Map\T_2022\Geodatabase\T_2022.gdb\PAPARCEL,TWP,-1,-1;SEC "SEC" true true false 2 Text 0 0 ,First,#,W:\Tax Roll\DOR GIS Map\T_2022\Geodatabase\T_2022.gdb\PACONDOUNIT_Y0,SEC,-1,-1,W:\Tax Roll\DOR GIS Map\T_2022\Geodatabase\T_2022.gdb\PAPARCEL,SEC,-1,-1;SUBD "SUB" true true false 2 Text 0 0 ,First,#,W:\Tax Roll\DOR GIS Map\T_2022\Geodatabase\T_2022.gdb\PACONDOUNIT_Y0,SUBD,-1,-1,W:\Tax Roll\DOR GIS Map\T_2022\Geodatabase\T_2022.gdb\PAPARCEL,SUBD,-1,-1;BLK "BLK" true true false 3 Text 0 0 ,First,#,W:\Tax Roll\DOR GIS Map\T_2022\Geodatabase\T_2022.gdb\PACONDOUNIT_Y0,BLK,-1,-1,W:\Tax Roll\DOR GIS Map\T_2022\Geodatabase\T_2022.gdb\PAPARCEL,BLK,-1,-1;LOT "LOT" true true false 4 Text 0 0 ,First,#,W:\Tax Roll\DOR GIS Map\T_2022\Geodatabase\T_2022.gdb\PACONDOUNIT_Y0,LOT,-1,-1,W:\Tax Roll\DOR GIS Map\T_2022\Geodatabase\T_2022.gdb\PAPARCEL,LOT,-1,-1;CREATEDATE "CREATEDATE" true true false 8 Date 0 0 ,First,#,W:\Tax Roll\DOR GIS Map\T_2022\Geodatabase\T_2022.gdb\PACONDOUNIT_Y0,CREATEDATE,-1,-1,W:\Tax Roll\DOR GIS Map\T_2022\Geodatabase\T_2022.gdb\PAPARCEL,CREATEDATE,-1,-1;ACRES "ACRES" true true false 8 Double 0 0 ,First,#,W:\Tax Roll\DOR GIS Map\T_2022\Geodatabase\T_2022.gdb\PACONDOUNIT_Y0,ACRES,-1,-1,W:\Tax Roll\DOR GIS Map\T_2022\Geodatabase\T_2022.gdb\PAPARCEL,ACRES,-1,-1;USER_ID_ENT_BY "USER_ID_ENT_BY" true true false 8 Text 0 0 ,First,#,W:\Tax Roll\DOR GIS Map\T_2022\Geodatabase\T_2022.gdb\PACONDOUNIT_Y0,USER_ID_ENT_BY,-1,-1,W:\Tax Roll\DOR GIS Map\T_2022\Geodatabase\T_2022.gdb\PAPARCEL,USER_ID_ENT_BY,-1,-1;DT_ENT "DT_ENT" true true false 8 Date 0 0 ,First,#,W:\Tax Roll\DOR GIS Map\T_2022\Geodatabase\T_2022.gdb\PACONDOUNIT_Y0,DT_ENT,-1,-1,W:\Tax Roll\DOR GIS Map\T_2022\Geodatabase\T_2022.gdb\PAPARCEL,DT_ENT,-1,-1;USER_ID_CHG_BY "USER_ID_CHG_BY" true true false 8 Text 0 0 ,First,#,W:\Tax Roll\DOR GIS Map\T_2022\Geodatabase\T_2022.gdb\PACONDOUNIT_Y0,USER_ID_CHG_BY,-1,-1,W:\Tax Roll\DOR GIS Map\T_2022\Geodatabase\T_2022.gdb\PAPARCEL,USER_ID_CHG_BY,-1,-1;DT_CHG "DT_CHG" true true false 8 Date 0 0 ,First,#,W:\Tax Roll\DOR GIS Map\T_2022\Geodatabase\T_2022.gdb\PACONDOUNIT_Y0,DT_CHG,-1,-1,W:\Tax Roll\DOR GIS Map\T_2022\Geodatabase\T_2022.gdb\PAPARCEL,DT_CHG,-1,-1;SE_ANNO_CAD_DATA "SE_ANNO_CAD_DATA" true true false 0 Blob 0 0 ,First,#,W:\Tax Roll\DOR GIS Map\T_2022\Geodatabase\T_2022.gdb\PACONDOUNIT_Y0,SE_ANNO_CAD_DATA,-1,-1,W:\Tax Roll\DOR GIS Map\T_2022\Geodatabase\T_2022.gdb\PAPARCEL,SE_ANNO_CAD_DATA,-1,-1;PARCELNO "PARCELNO" true true false 17 Text 0 0 ,First,#,W:\Tax Roll\DOR GIS Map\T_2022\Geodatabase\T_2022.gdb\PACONDOUNIT_Y0,PARCELNO,-1,-1,W:\Tax Roll\DOR GIS Map\T_2022\Geodatabase\T_2022.gdb\PAPARCEL,PARCELNO,-1,-1;PARCELLABEL "PARCELLABEL" true true false 90 Text 0 0 ,First,#,W:\Tax Roll\DOR GIS Map\T_2022\Geodatabase\T_2022.gdb\PACONDOUNIT_Y0,PARCELLABEL,-1,-1,W:\Tax Roll\DOR GIS Map\T_2022\Geodatabase\T_2022.gdb\PAPARCEL,PARCELLABEL,-1,-1;Shape_Length "Shape_Length" false true true 8 Double 0 0 ,First,#,W:\Tax Roll\DOR GIS Map\T_2022\Geodatabase\T_2022.gdb\PACONDOUNIT_Y0,Shape_Length,-1,-1,W:\Tax Roll\DOR GIS Map\T_2022\Geodatabase\T_2022.gdb\PAPARCEL,Shape_Length,-1,-1;Shape_Area "Shape_Area" false true true 8 Double 0 0 ,First,#,W:\Tax Roll\DOR GIS Map\T_2022\Geodatabase\T_2022.gdb\PACONDOUNIT_Y0,Shape_Area,-1,-1,W:\Tax Roll\DOR GIS Map\T_2022\Geodatabase\T_2022.gdb\PAPARCEL,Shape_Area,-1,-1;AREA "AREA" true true false 8 Double 0 0 ,First,#,W:\Tax Roll\DOR GIS Map\T_2022\Geodatabase\T_2022.gdb\PAPARCEL,AREA,-1,-1;LEN "LEN" true true false 8 Double 0 0 ,First,#,W:\Tax Roll\DOR GIS Map\T_2022\Geodatabase\T_2022.gdb\PAPARCEL,LEN,-1,-1"</Process><Process ToolSource="c:\program files (x86)\arcgis\desktop10.8\ArcToolbox\Toolboxes\Conversion Tools.tbx\FeatureClassToFeatureClass" Date="20220224" Time="114428">FeatureClassToFeatureClass "W:\Tax Roll\DOR GIS Map\T_2022\Geodatabase\T_palmbeach_02242022_geodatabase.gdb\PAPARCEL_ALL" "W:\Tax Roll\DOR GIS Map\T_2022\Shapefiles" T_palmbeach_02242022_parcels.shp # "PARID "PARID" true true false 17 Text 0 0 ,First,#,W:\Tax Roll\DOR GIS Map\T_2022\Geodatabase\T_palmbeach_02242022_geodatabase.gdb\PAPARCEL_ALL,PARID,-1,-1;CTY "CTY" true true false 2 Text 0 0 ,First,#,W:\Tax Roll\DOR GIS Map\T_2022\Geodatabase\T_palmbeach_02242022_geodatabase.gdb\PAPARCEL_ALL,CTY,-1,-1;RNG "RNG" true true false 2 Text 0 0 ,First,#,W:\Tax Roll\DOR GIS Map\T_2022\Geodatabase\T_palmbeach_02242022_geodatabase.gdb\PAPARCEL_ALL,RNG,-1,-1;TWP "TWP" true true false 2 Text 0 0 ,First,#,W:\Tax Roll\DOR GIS Map\T_2022\Geodatabase\T_palmbeach_02242022_geodatabase.gdb\PAPARCEL_ALL,TWP,-1,-1;SEC "SEC" true true false 2 Text 0 0 ,First,#,W:\Tax Roll\DOR GIS Map\T_2022\Geodatabase\T_palmbeach_02242022_geodatabase.gdb\PAPARCEL_ALL,SEC,-1,-1;SUBD "SUB" true true false 2 Text 0 0 ,First,#,W:\Tax Roll\DOR GIS Map\T_2022\Geodatabase\T_palmbeach_02242022_geodatabase.gdb\PAPARCEL_ALL,SUBD,-1,-1;BLK "BLK" true true false 3 Text 0 0 ,First,#,W:\Tax Roll\DOR GIS Map\T_2022\Geodatabase\T_palmbeach_02242022_geodatabase.gdb\PAPARCEL_ALL,BLK,-1,-1;LOT "LOT" true true false 4 Text 0 0 ,First,#,W:\Tax Roll\DOR GIS Map\T_2022\Geodatabase\T_palmbeach_02242022_geodatabase.gdb\PAPARCEL_ALL,LOT,-1,-1;CREATEDATE "CREATEDATE" true true false 8 Date 0 0 ,First,#,W:\Tax Roll\DOR GIS Map\T_2022\Geodatabase\T_palmbeach_02242022_geodatabase.gdb\PAPARCEL_ALL,CREATEDATE,-1,-1;ACRES "ACRES" true true false 8 Double 0 0 ,First,#,W:\Tax Roll\DOR GIS Map\T_2022\Geodatabase\T_palmbeach_02242022_geodatabase.gdb\PAPARCEL_ALL,ACRES,-1,-1;USER_ID_EN "USER_ID_ENT_BY" true true false 8 Text 0 0 ,First,#,W:\Tax Roll\DOR GIS Map\T_2022\Geodatabase\T_palmbeach_02242022_geodatabase.gdb\PAPARCEL_ALL,USER_ID_ENT_BY,-1,-1;DT_ENT "DT_ENT" true true false 8 Date 0 0 ,First,#,W:\Tax Roll\DOR GIS Map\T_2022\Geodatabase\T_palmbeach_02242022_geodatabase.gdb\PAPARCEL_ALL,DT_ENT,-1,-1;USER_ID_CH "USER_ID_CHG_BY" true true false 8 Text 0 0 ,First,#,W:\Tax Roll\DOR GIS Map\T_2022\Geodatabase\T_palmbeach_02242022_geodatabase.gdb\PAPARCEL_ALL,USER_ID_CHG_BY,-1,-1;DT_CHG "DT_CHG" true true false 8 Date 0 0 ,First,#,W:\Tax Roll\DOR GIS Map\T_2022\Geodatabase\T_palmbeach_02242022_geodatabase.gdb\PAPARCEL_ALL,DT_CHG,-1,-1;SE_ANNO_CA "SE_ANNO_CAD_DATA" true true false 0 Blob 0 0 ,First,#,W:\Tax Roll\DOR GIS Map\T_2022\Geodatabase\T_palmbeach_02242022_geodatabase.gdb\PAPARCEL_ALL,SE_ANNO_CAD_DATA,-1,-1;PARCELNO "PARCELNO" true true false 17 Text 0 0 ,First,#,W:\Tax Roll\DOR GIS Map\T_2022\Geodatabase\T_palmbeach_02242022_geodatabase.gdb\PAPARCEL_ALL,PARCELNO,-1,-1;PARCELLABE "PARCELLABEL" true true false 90 Text 0 0 ,First,#,W:\Tax Roll\DOR GIS Map\T_2022\Geodatabase\T_palmbeach_02242022_geodatabase.gdb\PAPARCEL_ALL,PARCELLABEL,-1,-1;AREA "AREA" true true false 8 Double 0 0 ,First,#,W:\Tax Roll\DOR GIS Map\T_2022\Geodatabase\T_palmbeach_02242022_geodatabase.gdb\PAPARCEL_ALL,AREA,-1,-1;LEN "LEN" true true false 8 Double 0 0 ,First,#,W:\Tax Roll\DOR GIS Map\T_2022\Geodatabase\T_palmbeach_02242022_geodatabase.gdb\PAPARCEL_ALL,LEN,-1,-1;Shape_Leng "Shape_Leng" false true true 8 Double 0 0 ,First,#,W:\Tax Roll\DOR GIS Map\T_2022\Geodatabase\T_palmbeach_02242022_geodatabase.gdb\PAPARCEL_ALL,Shape_Length,-1,-1;Shape_Area "Shape_Area" false true true 8 Double 0 0 ,First,#,W:\Tax Roll\DOR GIS Map\T_2022\Geodatabase\T_palmbeach_02242022_geodatabase.gdb\PAPARCEL_ALL,Shape_Area,-1,-1" #</Process></lineage></DataProperties><SyncDate>20220224</SyncDate><SyncTime>11421600</SyncTime><ModDate>20220224</ModDate><ModTime>11421600</ModTime></Esri><dataIdInfo><envirDesc Sync="TRUE"> Version 6.2 (Build 9200) ; Esri ArcGIS 10.8.1.14362</envirDesc><dataLang><languageCode value="eng" Sync="TRUE"></languageCode><countryCode value="USA" Sync="TRUE"></countryCode></dataLang><idCitation><resTitle Sync="TRUE">T_palmbeach_02242022_parcels</resTitle><presForm><PresFormCd value="005" Sync="TRUE"></PresFormCd></presForm></idCitation><spatRpType><SpatRepTypCd value="001" Sync="TRUE"></SpatRepTypCd></spatRpType></dataIdInfo><mdLang><languageCode value="eng" Sync="TRUE"></languageCode><countryCode value="USA" Sync="TRUE"></countryCode></mdLang><distInfo><distFormat><formatName Sync="TRUE">Shapefile</formatName></distFormat><distTranOps><transSize Sync="TRUE">0.000</transSize></distTranOps></distInfo><mdHrLv><ScopeCd value="005" Sync="TRUE"></ScopeCd></mdHrLv><mdHrLvName Sync="TRUE">dataset</mdHrLvName><refSysInfo><RefSystem><refSysID><identCode code="2881" Sync="TRUE"></identCode><idCodeSpace Sync="TRUE">EPSG</idCodeSpace><idVersion Sync="TRUE">8.9.3(9.0.0)</idVersion></refSysID></RefSystem></refSysInfo><spatRepInfo><VectSpatRep><geometObjs Name="T_palmbeach_02242022_parcels"><geoObjTyp><GeoObjTypCd value="002" Sync="TRUE"></GeoObjTypCd></geoObjTyp><geoObjCnt Sync="TRUE">0</geoObjCnt></geometObjs><topLvl><TopoLevCd value="001" Sync="TRUE"></TopoLevCd></topLvl></VectSpatRep></spatRepInfo><spdoinfo><ptvctinf><esriterm Name="T_palmbeach_02242022_parcels"><efeatyp Sync="TRUE">Simple</efeatyp><efeageom code="4" Sync="TRUE"></efeageom><esritopo Sync="TRUE">FALSE</esritopo><efeacnt Sync="TRUE">0</efeacnt><spindex Sync="TRUE">FALSE</spindex><linrefer Sync="TRUE">FALSE</linrefer></esriterm></ptvctinf></spdoinfo><eainfo><detailed Name="T_palmbeach_02242022_parcels"><enttyp><enttypl Sync="TRUE">T_palmbeach_02242022_parcels</enttypl><enttypt Sync="TRUE">Feature Class</enttypt><enttypc Sync="TRUE">0</enttypc></enttyp><attr><attrlabl Sync="TRUE">FID</attrlabl><attalias Sync="TRUE">FID</attalias><attrtype Sync="TRUE">OID</attrtype><attwidth Sync="TRUE">4</attwidth><atprecis Sync="TRUE">0</atprecis><attscale Sync="TRUE">0</attscale><attrdef Sync="TRUE">Internal feature number.</attrdef><attrdefs Sync="TRUE">Esri</attrdefs><attrdomv><udom Sync="TRUE">Sequential unique whole numbers that are automatically generated.</udom></attrdomv></attr><attr><attrlabl Sync="TRUE">PARID</attrlabl><attalias Sync="TRUE">PARID</attalias><attrtype Sync="TRUE">String</attrtype><attwidth Sync="TRUE">17</attwidth><atprecis Sync="TRUE">0</atprecis><attscale Sync="TRUE">0</attscale></attr><attr><attrlabl Sync="TRUE">CTY</attrlabl><attalias Sync="TRUE">CTY</attalias><attrtype Sync="TRUE">String</attrtype><attwidth Sync="TRUE">2</attwidth><atprecis Sync="TRUE">0</atprecis><attscale Sync="TRUE">0</attscale></attr><attr><attrlabl Sync="TRUE">RNG</attrlabl><attalias Sync="TRUE">RNG</attalias><attrtype Sync="TRUE">String</attrtype><attwidth Sync="TRUE">2</attwidth><atprecis Sync="TRUE">0</atprecis><attscale Sync="TRUE">0</attscale></attr><attr><attrlabl Sync="TRUE">TWP</attrlabl><attalias Sync="TRUE">TWP</attalias><attrtype Sync="TRUE">String</attrtype><attwidth Sync="TRUE">2</attwidth><atprecis Sync="TRUE">0</atprecis><attscale Sync="TRUE">0</attscale></attr><attr><attrlabl Sync="TRUE">SEC</attrlabl><attalias Sync="TRUE">SEC</attalias><attrtype Sync="TRUE">String</attrtype><attwidth Sync="TRUE">2</attwidth><atprecis Sync="TRUE">0</atprecis><attscale Sync="TRUE">0</attscale></attr><attr><attrlabl Sync="TRUE">SUBD</attrlabl><attalias Sync="TRUE">SUBD</attalias><attrtype Sync="TRUE">String</attrtype><attwidth Sync="TRUE">2</attwidth><atprecis Sync="TRUE">0</atprecis><attscale Sync="TRUE">0</attscale></attr><attr><attrlabl Sync="TRUE">BLK</attrlabl><attalias Sync="TRUE">BLK</attalias><attrtype Sync="TRUE">String</attrtype><attwidth Sync="TRUE">3</attwidth><atprecis Sync="TRUE">0</atprecis><attscale Sync="TRUE">0</attscale></attr><attr><attrlabl Sync="TRUE">LOT</attrlabl><attalias Sync="TRUE">LOT</attalias><attrtype Sync="TRUE">String</attrtype><attwidth Sync="TRUE">4</attwidth><atprecis Sync="TRUE">0</atprecis><attscale Sync="TRUE">0</attscale></attr><attr><attrlabl Sync="TRUE">CREATEDATE</attrlabl><attalias Sync="TRUE">CREATEDATE</attalias><attrtype Sync="TRUE">Date</attrtype><attwidth Sync="TRUE">8</attwidth><atprecis Sync="TRUE">0</atprecis><attscale Sync="TRUE">0</attscale></attr><attr><attrlabl Sync="TRUE">ACRES</attrlabl><attalias Sync="TRUE">ACRES</attalias><attrtype Sync="TRUE">Double</attrtype><attwidth Sync="TRUE">19</attwidth><atprecis Sync="TRUE">0</atprecis><attscale Sync="TRUE">0</attscale></attr><attr><attrlabl Sync="TRUE">DT_ENT</attrlabl><attalias Sync="TRUE">DT_ENT</attalias><attrtype Sync="TRUE">Date</attrtype><attwidth Sync="TRUE">8</attwidth><atprecis Sync="TRUE">0</atprecis><attscale Sync="TRUE">0</attscale></attr><attr><attrlabl Sync="TRUE">USER_ID_EN</attrlabl><attalias Sync="TRUE">USER_ID_EN</attalias><attrtype Sync="TRUE">String</attrtype><attwidth Sync="TRUE">8</attwidth><atprecis Sync="TRUE">0</atprecis><attscale Sync="TRUE">0</attscale></attr><attr><attrlabl Sync="TRUE">DT_CHG</attrlabl><attalias Sync="TRUE">DT_CHG</attalias><attrtype Sync="TRUE">Date</attrtype><attwidth Sync="TRUE">8</attwidth><atprecis Sync="TRUE">0</atprecis><attscale Sync="TRUE">0</attscale></attr><attr><attrlabl Sync="TRUE">USER_ID_CH</attrlabl><attalias Sync="TRUE">USER_ID_CH</attalias><attrtype Sync="TRUE">String</attrtype><attwidth Sync="TRUE">8</attwidth><atprecis Sync="TRUE">0</atprecis><attscale Sync="TRUE">0</attscale></attr><attr><attrlabl Sync="TRUE">PARCELNO</attrlabl><attalias Sync="TRUE">PARCELNO</attalias><attrtype Sync="TRUE">String</attrtype><attwidth Sync="TRUE">17</attwidth><atprecis Sync="TRUE">0</atprecis><attscale Sync="TRUE">0</attscale></attr><attr><attrlabl Sync="TRUE">SHAPE</attrlabl><attalias Sync="TRUE">Shape</attalias><attrtype Sync="TRUE">Geometry</attrtype><attwidth Sync="TRUE">0</attwidth><atprecis Sync="TRUE">0</atprecis><attscale Sync="TRUE">0</attscale><attrdef Sync="TRUE">Feature geometry.</attrdef><attrdefs Sync="TRUE">Esri</attrdefs><attrdomv><udom Sync="TRUE">Coordinates defining the features.</udom></attrdomv></attr><attr><attrlabl Sync="TRUE">PARCELLABE</attrlabl><attalias Sync="TRUE">PARCELLABE</attalias><attrtype Sync="TRUE">String</attrtype><attwidth Sync="TRUE">90</attwidth><atprecis Sync="TRUE">0</atprecis><attscale Sync="TRUE">0</attscale></attr><attr><attrlabl Sync="TRUE">AREA</attrlabl><attalias Sync="TRUE">AREA</attalias><attrtype Sync="TRUE">Double</attrtype><attwidth Sync="TRUE">19</attwidth><atprecis Sync="TRUE">0</atprecis><attscale Sync="TRUE">0</attscale></attr><attr><attrlabl Sync="TRUE">LEN</attrlabl><attalias Sync="TRUE">LEN</attalias><attrtype Sync="TRUE">Double</attrtype><attwidth Sync="TRUE">19</attwidth><atprecis Sync="TRUE">0</atprecis><attscale Sync="TRUE">0</attscale></attr><attr><attrlabl Sync="TRUE">Shape_Leng</attrlabl><attalias Sync="TRUE">Shape_Leng</attalias><attrtype Sync="TRUE">Double</attrtype><attwidth Sync="TRUE">19</attwidth><atprecis Sync="TRUE">0</atprecis><attscale Sync="TRUE">0</attscale></attr><attr><attrlabl Sync="TRUE">Shape_Area</attrlabl><attalias Sync="TRUE">Shape_Area</attalias><attrtype Sync="TRUE">Double</attrtype><attwidth Sync="TRUE">19</attwidth><atprecis Sync="TRUE">0</atprecis><attscale Sync="TRUE">0</attscale><attrdef Sync="TRUE">Area of feature in internal units squared.</attrdef><attrdefs Sync="TRUE">Esri</attrdefs><attrdomv><udom Sync="TRUE">Positive real numbers that are automatically generated.</udom></attrdomv></attr></detailed></eainfo><mdDateSt Sync="TRUE">20220224</mdDateSt></metadata>
