Amount,Project,Developers_borrowers,Lenders,Property type,Date_loan_closed,Address ,County 
269000000,Nautilus 220,Forest Development & Royal Palm,Fortress Investment Group,Condo,7/1/2022,220 Lake Shore Drive in Lake Park,Palm Beach
242000000,Aman Miami Beach,Len Blavatnik & Vlad Doronin,Bank OZK,Condo & hotel,1/10/2023,3425 Collins Avenue in Miami Beach,Miami-Dade
240000000,Selene Oceanfront Residences,Kolter Urban,Wells Fargo,Condo,12/22/2022,3000 Alhambra Street in Fort Lauderdale,Broward
224000000,Nema Miami ,Crescent Heights,Blackstone,Multifamily & retail,4/1/2022,2900 Biscayne Boulevard in Miami,Miami-Dade
215000000,Wynwood Plaza,"L&L Holding Company, Oak Row Equities & et al",Bank OZK,Office & multifamily & retail,1/20/2023,95 Northwest 29th Street in Miami,Miami-Dade