cannabis_store_name,cannabis_start_date,address,neighborhood,lat,lon,previous_tenant_name,previous_category,previous_tenant_end
Alto,2024-10-24 17:17:49+00:00,110 Chambers Street,Tribeca,40.71497437587239,-74.00827389,The Patriot,Bar,2023-05-24 04:47:00+00:00
Fire Escape Cannabis,2026-04-27 21:12:01+00:00,103 Avenue A,East Village,40.72583287758322,-73.98385907,Hayaty,Restaurant,2023-07-18 10:41:36+00:00
Ava Flower Company,2026-03-06 06:41:01+00:00,1280 1st Avenue,Lenox Hill,40.76561106767435,-73.95738385,Bamboo Sushi,Restaurant,2025-06-10 01:19:10+00:00
Verdi,2024-04-26 19:10:51+00:00,158 West 23rd Street,Chelsea,40.74366205754243,-73.99499667,Bang Chengdu Street Kitchen,Restaurant,2019-06-19 21:10:39+00:00
By Any Other Name,2024-12-24 06:19:50+00:00,946 Fulton Street,Clinton Hill,40.68254000571154,-73.96296908,Buka,Restaurant,2022-08-08 17:01:35+00:00
Carnegie Hill Cannabis Co.,2026-02-05 19:00:40+00:00,1720 2nd Avenue,Yorkville,40.77995968813471,-73.95001123,Chef Ho's Peking Duck Grill,Restaurant,2018-06-13 18:33:42+00:00
Emerald Dispensary,2026-04-16 17:09:14+00:00,548 Court Street,Carroll Gardens,40.675076240562674,-73.99954466,Santo Bruklin,Restaurant,2025-01-23 07:17:17+00:00
Indoor,2026-05-22 20:32:02+00:00,474 Fashion Avenue,Garment District,40.75214712068462,-73.9899933,Mr Nugz Cannabis Club,"Vapes, Cigars & Accessories",2025-12-03 02:34:18+00:00
The Garden Club,2026-04-27 21:09:44+00:00,227 Smith Street,Boerum Hill,40.68399646,-73.99219084,The First National Bank of Long Island - Cobble Hill,Banks & Atms,2025-01-23 07:33:11+00:00
Paradise Cannabis,2025-10-16 20:04:52+00:00,1557 Fulton Street,Stuyvesant Heights,40.67993048186082,-73.93902721,Ric's Stony Hill Restaurant & Lounge,Dine In,2018-06-19 20:13:51+00:00
Pryzm,2026-03-06 07:45:01+00:00,15 Avenue B,East Village,40.72188974259924,-73.98339863,Luzzo's La Pizza Napoletana,Restaurant,2024-06-28 02:23:56+00:00
The Yetti Club,2026-07-15 14:39:07+00:00,317 1st Avenue,Gramercy Park,40.734116000807205,-73.98076023,Smoke Shop,"Vapes, Cigars & Accessories",2025-11-11 01:29:47+00:00
Gotham Buds,2023-11-09 21:45:28+00:00,248 West 125th Street,South Harlem,40.80945592943089,-73.94986331,The Children's Place,Clothing Store,2023-06-25 16:52:29+00:00
Stoops NYC,2024-08-02 16:36:22+00:00,182 5th Avenue,Flatiron,40.74130664565956,-73.98996064,7-Eleven,Groceries & Convenience,2021-04-26 03:45:44+00:00
Soulmate,2025-04-28 21:06:58+00:00,237 Dekalb Avenue,Fort Greene,40.689585649818355,-73.96973789,Heritage Wines,Liquor & Wine,2025-01-30 02:19:14+00:00
Smacked Village,2023-10-24 19:30:48+00:00,144 Bleecker Street,Greenwich Village,40.72812847861581,-73.99928916,Duane Reade,Pharmacy,2017-11-02 19:03:16+00:00
Herbwell,2025-05-16 17:11:30+00:00,519 Madison Avenue,Park Avenue,40.759904884411014,-73.97392643,Marmi,Shoe Store,2023-06-27 03:16:12+00:00
Culture House,2024-08-02 15:23:36+00:00,958 6th Avenue,Garment District,40.75028973025857,-73.9872184,Cookies,Clothing Store,2024-08-02 15:23:36+00:00
Buzzwick,2026-07-15 17:07:27+00:00,4930 Broadway,Inwood,40.86747938757306,-73.92139245,La Marca Eye Care,Healthcare,2026-07-15 17:07:27+00:00
Housing Works Cannabis Co,2023-08-09 17:12:36+00:00,750 Broadway,Noho,40.73045436760935,-73.99236905,Gap Men,Clothing Store,2023-05-24 19:52:07+00:00
The Travel Agency,2025-08-09 04:27:08+00:00,598 Broadway,SoHo,40.72508199309465,-73.99691061,Spirit Halloween,Party Supplies & Costumes,2020-02-26 18:52:52+00:00
The Flowery,2025-07-29 01:36:51+00:00,481 Broadway,SoHo,40.72155532,-74.00022991,Fifteen Twenty Inc,Groceries & Convenience,2022-05-26 15:47:05+00:00
Leflora,2025-11-05 02:48:49+00:00,155 William Street,Financial District,40.7099104,-74.00619306,Bareburger,Restaurant,2019-09-27 21:46:52+00:00
Chrome Flwrs,2026-02-18 16:55:36+00:00,185 Nassau Avenue,Greenpoint,40.72553836854789,-73.94572521,Busy Bee Food Exchange,Groceries & Convenience,2024-01-17 09:49:08+00:00
Verdi Cannabis,2025-07-18 15:33:43+00:00,360 7th Avenue,Park Slope,40.66601200269306,-73.98249227,Min.K,Clothing Store,2024-10-20 01:41:12+00:00
Urban Weeds,2024-03-01 21:08:34+00:00,31-35 Steinway Street,Long Island City,40.760332477402414,-73.91772091,Victoria's Secret,Clothing Store,2019-03-25 19:18:06+00:00
High City Cannabis,2026-05-27 15:57:45+00:00,22-35 31st Street,Astoria,40.77526848714885,-73.91150709,Cannabology,"Vapes, Cigars & Accessories",2025-11-23 05:44:51+00:00
Lenox Hill Cannabis Co.,2024-01-26 19:08:36+00:00,334 East 73rd Street,Upper East Side,40.7686882,-73.9562203,Casa de Montecristo,Bar,2023-06-21 02:25:11+00:00
Dazed,2023-10-31 18:32:09+00:00,33 Union Square West,Flatiron,40.73677715300357,-73.99071135,Dylan's Candy Bar,Sweets & Desserts,2021-06-30 15:52:02+00:00
Erudito Cannabis Boutique,2025-10-16 20:05:30+00:00,120 Union Street,Columbia Waterfront,40.684185119783194,-74.00259102,Henryboy,"Business, Commercial & Professional Services",2025-10-16 20:05:30+00:00
Budega,2025-07-18 03:14:47+00:00,321 4th Avenue,Park Slope,40.67396935219182,-73.98543866,Elements Hair Studio,Barber Shops & Hair Salons,2023-09-29 06:05:03+00:00
Sweetlife,2025-08-09 04:31:53+00:00,1662 1st Avenue,Yorkville,40.77728404357241,-73.94887805,Sweetooth,Sweets & Desserts,2023-11-02 04:44:21+00:00
Blue Forest Farms,2024-04-26 19:10:58+00:00,122 East 25th Street,Kips Bay,40.74090471314696,-73.98432109,Gramercy Dance Studios,Learning Centers & Studios,2024-04-26 19:10:58+00:00
Cannalicious,2025-07-18 15:33:35+00:00,435 5th Avenue,Park Slope,40.66938174197668,-73.98595981,Noise NYC,"Vapes, Cigars & Accessories",2024-10-20 01:52:41+00:00
Smiley Exotics,2024-04-26 19:10:48+00:00,201 East 30th Street,Kips Bay,40.74311748520369,-73.97952688,Waxing Studio NYC,"Brows, Lashes, Wax & Makeup",2023-08-31 04:27:05+00:00
Dynasty Commodities,2025-05-30 17:33:58+00:00,2119 Frederick Douglass Boulevard,South Harlem,40.80352827813351,-73.95623233,Paint Puff N Peace,"Vapes, Cigars & Accessories",2024-03-19 04:28:25+00:00
NY Cannabis Co,2025-02-03 19:59:23+00:00,743 9th Avenue,Hell's Kitchen,40.76371692000775,-73.98898512,Nica & Sam,Barber Shops & Hair Salons,2024-06-28 02:35:58+00:00
Sofaclub Cannabis,2026-05-22 20:33:41+00:00,127 East 56th Street,Park Avenue,40.760533697297035,-73.97006355,Skin Spa New York,Massage & Relaxation,2026-05-22 20:33:41+00:00
The Spot Dispensary,2025-01-23 16:56:22+00:00,154 Vanderbilt Avenue,Fort Greene,40.69286315767971,-73.96993243,The B. Beauty Bar,"Brows, Lashes, Wax & Makeup",2024-10-31 18:47:12+00:00
Hornbill Cannabis,2025-10-16 15:34:46+00:00,224 1st Avenue,East Village,40.73086573009205,-73.98271244,Sun Tan Nail,Nail Salon,2023-07-19 01:41:46+00:00
The Herbal Care,2024-02-06 17:23:40+00:00,1412 Lexington Avenue,Carnegie Hill,40.78370950326462,-73.95266228,Chocolate Works,Sweets & Desserts,2019-11-01 16:17:12+00:00
The Travel Agency Union Square,2024-01-14 03:11:46+00:00,835 Broadway,Greenwich Village,40.733881287013276,-73.99110783,Chase Bank,Banks & Atms,2023-10-10 11:07:00+00:00
Chelsea Cannabis Co.,2026-02-18 16:53:48+00:00,100 7th Avenue,Chelsea,40.740167380520404,-73.99871255,Williams-Sonoma Home,Furniture & Home Goods,2024-11-16 07:52:41+00:00
Elevation,2025-06-10 04:07:42+00:00,701 8th Avenue,Times Square,40.75870762603755,-73.98892868,Smith's Bar & Restaurant,Bar,2025-06-10 04:07:42+00:00
Hii NYC,2024-08-02 14:57:01+00:00,152 Bedford Avenue,North Williamsburg,40.71877963923825,-73.95685261,Verizon,Electronics & Mobile Phones,2023-04-10 02:54:48+00:00
Mighty Lucky,2024-04-26 19:10:59+00:00,259 Bowery,Lower East Side,40.72326296342791,-73.99270376,Joco E-Bikes,Sporting Goods & Outdoor Equipment,2024-01-22 17:44:30+00:00
Maison Canal,2026-05-07 19:19:02+00:00,388 Canal Street,Tribeca,40.72120647720931,-74.00494255,Bud & Beyond,"Vapes, Cigars & Accessories",2024-08-08 08:15:14+00:00
Culture House,2026-05-22 20:30:40+00:00,807 Manhattan Avenue,Greenpoint,40.72795941398859,-73.95329065,Capital One Bank,Banks & Atms,2023-08-13 16:47:35+00:00
The Daily Green,2026-05-22 20:31:26+00:00,719 7th Avenue,Times Square,40.75968532761897,-73.98407686,Covergirl,Beauty Product Store,2021-06-02 06:46:31+00:00
Twin Leaf Cannabis,2026-05-22 20:31:53+00:00,566 7th Avenue,Times Square,40.75518292049379,-73.98778263,CBD Boutique,Beauty Product Store,2026-05-22 20:31:53+00:00
FlynnStoned Cannabis Company,2025-11-21 01:45:27+00:00,206 8th Avenue,Chelsea,40.74367329924411,-73.99945824,The Blue,Adult Store,2024-04-30 02:45:38+00:00
The Alchemy,2026-02-18 16:53:38+00:00,302 8th Avenue,Chelsea,40.74667607340902,-73.99727852,7-Eleven,Groceries & Convenience,2023-05-24 18:31:16+00:00
Indoor Treez,2024-06-24 17:30:01+00:00,584 8th Avenue,Garment District,40.754938005703394,-73.99125197,Cannabis Gifts,"Vapes, Cigars & Accessories",2024-02-02 15:50:25+00:00
The Flowery,2025-05-17 17:03:26+00:00,101 East 10th Street,East Village,40.73075097352094,-73.98882612,TD Bank,Banks & Atms,2024-08-22 19:25:39+00:00
Poppin,2026-02-18 16:53:17+00:00,317 10th Avenue,Chelsea,40.75111986469815,-74.00188666,Hudson Loud,Groceries & Convenience,2026-02-18 16:53:17+00:00
The Travel Agency-A Cannabis Store,2024-06-24 17:30:03+00:00,587 5th Avenue,Grand Central,40.75693621015768,-73.97815019,Paris Saint-Germain,Sporting Goods & Outdoor Equipment,2024-02-05 12:57:48+00:00
NY Cannabis Co.,2025-05-30 17:30:55+00:00,381 5th Avenue,Garment District,40.74937362017707,-73.98367054,NYC Gifts,Gifts & Collectibles,2025-02-16 06:08:30+00:00
Bud & Honey,2025-05-07 16:41:23+00:00,241 5th Avenue,NoMad,40.74424290816484,-73.98741216,Unoccupied,N/A,N/A
Mary Jane Cannabis Co,2025-08-09 04:31:24+00:00,799 Lexington Avenue,Lenox Hill,40.76389317281186,-73.96679442,Judith Optical,Eyewear Shop,2019-09-30 16:08:36+00:00
Urban Leaf,2024-06-24 17:30:05+00:00,977 2nd Avenue,Turtle Bay,40.75600207174789,-73.96791673,Murphy's Pub & Restaurant,Bar,2023-05-26 05:35:55+00:00
Super Fly,2025-05-30 17:30:52+00:00,57 West 86th Street,Upper West Side,40.786499828144144,-73.97181485,Chase Bank,Banks & Atms,2023-06-25 22:11:26+00:00
Emerald Dispensary,2025-04-01 17:06:49+00:00,1190 Lexington Avenue,Upper East Side,40.77646320200056,-73.95795638,roget resca salon,Barber Shops & Hair Salons,2023-06-28 02:31:34+00:00
Just A Little Higher,2024-06-24 17:28:23+00:00,157 West 72nd Street,Upper West Side,40.77834936424256,-73.98063108,Goodwill,Clothing Store,2023-06-25 22:30:45+00:00
Nucleus Dispensary,2025-06-10 04:07:10+00:00,1819 2nd Avenue,Yorkville,40.78317148,-73.94808482,Smoke Shop,"Vapes, Cigars & Accessories",2024-08-29 03:39:53+00:00
Just a Little Higher,2024-08-02 16:44:10+00:00,698 2nd Avenue,Murray Hill,40.74705815350882,-73.97401038,Unoccupied,N/A,N/A
FlynnStoned Cannabis Company,2026-01-28 17:53:56+00:00,820 2nd Avenue,Turtle Bay,40.75092876417446,-73.97118644,Hallmark,Cards & Stationery,2025-05-16 16:39:18+00:00
Torches,2025-02-14 22:10:40+00:00,12 East 42nd Street,Grand Central,40.75314584989292,-73.98048357,Nat Sherman,"Vapes, Cigars & Accessories",2021-02-05 04:23:01+00:00
Sofaclub Cannabis,2025-04-01 17:05:45+00:00,229 Avenue B,East Village,40.729213525389554,-73.97807204,Everytable,Restaurant,2024-06-27 03:06:53+00:00
Liberty Buds,2024-06-24 17:30:10+00:00,1115 1st Avenue,Lenox Hill,40.761136524229585,-73.96106417,Mattress Firm,Furniture & Home Goods,2023-06-30 21:52:08+00:00
The Flowery,2025-11-13 19:40:36+00:00,112 Christopher Street,West Village,40.73317646536881,-74.00524491,New York State World Pride Welcome Center,Tours & Visitor Info,2023-03-02 19:30:42+00:00
FlynnStoned Cannabis Company,2026-05-04 18:11:29+00:00,388 Christopher St,West Village,40.73257280346165,-74.01003688,Unoccupied,N/A,N/A
Freshly Baked,2026-05-22 20:31:39+00:00,40 West 55th Street,Sixth Avenue,40.76228891873031,-73.97662027,Bike Rent NYC,Sporting Goods & Outdoor Equipment,2025-11-08 06:02:10+00:00
Rezidue Dispensary,2025-10-23 14:39:17+00:00,723 111th Ave,Hell's Kitchen,40.76673031,-73.9942209,United,Hardware & Home Improvement,2019-02-21 18:32:43+00:00
Lighthouse Cannabis,2025-11-05 02:49:16+00:00,381 Broadway,Tribeca,40.71815828388472,-74.00310553,Joey Pepperoni's Pizza,Restaurant,2023-05-24 04:42:32+00:00
Hold Up Roll Up,2026-04-29 20:26:51+00:00,765 Washington Avenue,Crown Heights,40.67394559,-73.96287652,Happy Cleaners,"Laundry, Cleaners & Tailors",2017-12-18 21:39:51+00:00
Pure Blossoms Cannabis,2026-05-07 19:18:18+00:00,716 Amsterdam Avenue,Upper West Side,40.79325272387867,-73.97115906,"GCS Building Supplies, Inc",Hardware & Home Improvement,2024-08-15 02:26:02+00:00
Q Dispensary,2025-04-23 17:03:48+00:00,733 Flatbush Avenue,Prospect Lefferts Ga,40.65511067405019,-73.95958869,"Paint Puff ""N"" Peace",Hardware & Home Improvement,2024-11-05 04:53:46+00:00
Bliss + Lex Cannabis Dispensary,2024-06-24 17:30:10+00:00,128 East 86th Street,Upper East Side,40.77949924072169,-73.95596696,GameStop,"DVDs, Records & Video Games",2019-11-01 17:57:24+00:00
SofaClub,2026-05-07 19:18:54+00:00,2195 Broadway,Upper West Side,40.78302370134195,-73.98084595,AT&T,Electronics & Mobile Phones,2023-08-09 11:32:05+00:00
Good Company,2026-07-15 17:06:54+00:00,2273 Broadway,Upper West Side,40.78564466995854,-73.97895391,Nexa Pilates,Fitness & Gyms,2023-06-25 18:03:51+00:00
The Flowery,2025-05-16 17:11:23+00:00,2465 Broadway,Upper West Side,40.79179051990388,-73.97419006,SoulCycle,Fitness & Gyms,2023-06-25 17:55:47+00:00
Matawana,2024-04-26 19:10:43+00:00,533 5th Avenue,Park Slope,40.66621891831501,-73.98859721,Chase Bank,Banks & Atms,2024-01-17 11:21:43+00:00
Hibrary Club,2026-05-08 16:45:45+00:00,695 5th Avenue,Greenwood,40.66108721448342,-73.99350711,Noise NYC,"Vapes, Cigars & Accessories",2026-02-11 05:19:37+00:00
Buzzy Cannabis Dispensary,2026-01-24 19:44:30+00:00,137 Court Street,Cobble Hill,40.68949907030241,-73.99230605,Unoccupied,N/A,N/A
Broadway Strains,2025-05-16 17:11:05+00:00,3858 Broadway,Washington Heights,40.83636693916762,-73.94288487,Bladis Deli,Groceries & Convenience,2018-05-15 16:39:36+00:00
Kaya Bliss,2025-10-09 18:39:29+00:00,64 Henry Street,Brooklyn Heights,40.69901286889576,-73.99238053,Smoke Shop,"Vapes, Cigars & Accessories",2024-12-24 05:27:28+00:00
Yerba Buena,2025-04-15 21:57:25+00:00,292 Atlantic Avenue,Boerum Hill,40.68845728592112,-73.9891705,Metro Buffet,Food Hall,2024-09-06 04:05:40+00:00
NYC Bud,2024-07-17 17:30:53+00:00,44-45 Vernon Boulevard,Hunters Point,40.749157176435205,-73.95204019,Gruppo Five Subpartners,"Business, Commercial & Professional Services",2023-07-28 08:39:34+00:00
Happy Munkey,2025-02-03 19:59:21+00:00,453 Fulton Street,Downtown Brooklyn,40.69142903144214,-73.98696649,Downtown Pawn Shop,Pawn Shop,2023-07-25 02:36:53+00:00
Grams Cannabis,2025-08-08 15:15:23+00:00,360 Graham Avenue,East Williamsburg,40.71502850495045,-73.94432332,Salerno Surgical Supplies,Commercial Supply Store,2025-02-22 02:47:38+00:00
Diamond Dispensary,2026-01-28 01:39:42+00:00,455 Graham Avenue,East Williamsburg,40.71903995964024,-73.94534376,Computer Answers,Repair Services,2025-04-27 04:15:54+00:00
Cannavita,2023-11-09 21:49:26+00:00,30-30 Steinway Street,Astoria,40.76317475518341,-73.91575425,Sprint,Electronics & Mobile Phones,2023-07-01 16:26:44+00:00
Dagmar,2024-01-26 19:08:36+00:00,412 West Broadway,SoHo,40.72486949385028,-74.00182526,Tous,Jewelry Store,2023-06-02 02:54:24+00:00
Brooklyn Bourne,2024-10-11 16:57:54+00:00,2225 Church Avenue,Flatbush,40.650558798324795,-73.95780697,JBS Clothing,Clothing Store,2023-08-31 12:37:35+00:00
Mello Tymes,2026-04-15 18:50:11+00:00,1597 St Nicholas Avenue,Fort George,40.85481794604878,-73.9299256,G & S Hardware,Hardware & Home Improvement,2025-01-17 04:26:17+00:00
OG Cannabis Dispensary,2025-05-16 18:28:07+00:00,769 Franklin Avenue,Crown Heights,40.67251595935245,-73.95716676,SJ Green Market,Groceries & Convenience,2025-01-07 05:09:00+00:00
The Flowery New York,2024-12-24 06:19:52+00:00,692 Grand Street,East Williamsburg,40.71144292962541,-73.94487606,AT&T,Electronics & Mobile Phones,2023-04-10 03:08:11+00:00
Hand In Bush,2026-01-28 01:38:36+00:00,834 Dekalb Avenue,Bedford-Stuyvesant,40.69219928808575,-73.94291313,Brooklyn Cooperative Federal Credit Union,Financial Services Center,2024-08-16 02:50:23+00:00
Midnight Moon,2026-01-28 01:40:51+00:00,1536 Amsterdam Avenue,Hamilton Heights,40.819524738133566,-73.95198795,Wine & Unwind,Liquor & Wine,2026-01-28 01:40:51+00:00
The Emerald Dispensary,2024-02-26 16:55:31+00:00,85 Suydam Street,Bushwick,40.69784474539987,-73.92936927,Agape,Religious Center,2023-07-03 23:13:51+00:00
Misha's Flower Shop,2024-08-02 14:47:26+00:00,299 Knickerbocker Avenue,Bushwick,40.70184194924582,-73.9234706,Rent A Center,Department Store,2024-08-02 14:47:26+00:00
Terp Bros,2023-11-09 21:45:45+00:00,36-10 Ditmars Boulevard,Astoria,40.77404026520396,-73.90796164,American Woodworking Company,"Business, Commercial & Professional Services",2023-07-01 16:52:34+00:00
Seneca Cannabis,2026-02-27 18:44:18+00:00,662 Seneca Avenue,Ridgewood,40.70335371515313,-73.90880274,Seneca Garden,"Vapes, Cigars & Accessories",2025-01-10 03:07:15+00:00
BK Exotic,2024-06-24 17:30:08+00:00,1056 Flatbush Avenue,Flatbush,40.64521208416765,-73.95818386,T-Mobile,Electronics & Mobile Phones,2023-07-01 19:10:35+00:00
Uplift Royal Dispensary,2026-05-11 17:18:34+00:00,1557 Lexington Avenue,East Harlem,40.78805283727373,-73.94918034,Willy's Convenience,Groceries & Convenience,2025-08-14 01:13:51+00:00
Dazed Cannabis,2025-11-05 02:51:40+00:00,1596 Flatbush Avenue,Flatbush,40.63177205023908,-73.94691707,The Vitamin Shoppe,Vitamin & Supplement Store,2025-11-05 02:51:40+00:00
All Good Dispensary,2025-06-30 18:14:26+00:00,3405 Avenue H,Northeast Flatbush,40.63202047148795,-73.94343937,Holy Ghost Church Of God,Religious Center,2023-10-09 11:11:40+00:00
Indoor,2026-03-09 16:30:40+00:00,157-48 Crossbay Boulevard,Rockwood Park,40.66112033704337,-73.84076018,Cross Bay Discount,Groceries & Convenience,2025-12-20 06:59:08+00:00
NSH LLC,2025-08-21 21:04:26+00:00,2280 Flatbush Avenue,Marine Park,40.61434716143893,-73.92797677,Berkshire Hathaway Home Services - Fillmore Real Estate,"Business, Commercial & Professional Services",2025-08-21 21:04:26+00:00
The Sanctuary Garden,2025-10-16 20:07:52+00:00,2610 Broadway,Upper West Side,40.79615278725846,-73.970379,Sister Salon,Nail Salon,2023-06-25 17:48:24+00:00
Weedly NYC,2026-02-28 16:48:39+00:00,9 Newkirk Plaza,Ditmas Park,40.63524107322075,-73.9626866,Cannabis World,"Vapes, Cigars & Accessories",2025-12-07 00:26:32+00:00
Astoria Bud Boutique,2026-02-27 04:20:37+00:00,30-12 Astoria Boulevard,Astoria,40.77006375,-73.91854219,Chick -N- Soup,Restaurant,2023-07-15 11:07:55+00:00
Herbarium,2025-02-24 21:19:58+00:00,465 Onderdonk Avenue,Ridgewood,40.70693163,-73.91200142,Mondo Sport Sandwiches Shop,Restaurant,2025-01-09 04:28:26+00:00
Brooklyn Urban Dispensary,2026-07-03 14:23:48+00:00,148 Kingsland Avenue,East Williamsburg-Bushwick,40.721586990986225,-73.9407182,Call Box Sports Bar,Bar,2023-08-14 10:32:23+00:00
Quality Control Dispensary,2025-05-24 22:25:02+00:00,3169 Coney Island Avenue,Brighton Beach,40.57874216255922,-73.95951158,Milena,Clothing Store,2024-12-24 04:15:07+00:00
High Tidez,2025-08-01 15:28:58+00:00,1019 Surf Avenue,Coney Island,40.575660000053546,-73.97871044,Unoccupied,N/A,N/A
Tiki Leaves,2024-06-24 17:30:09+00:00,1511 Neptune Avenue,Coney Island,40.57928823653765,-73.98352982,Pop's Restaurant,Restaurant,2023-06-12 16:40:03+00:00
Greene Street Cannabis Co.,2025-11-13 19:39:19+00:00,3448 Nostrand Avenue,Homecrest,40.60002817483067,-73.94196604,Pro Health,Healthcare,2024-07-02 04:11:41+00:00
Grow Together,2023-11-09 21:47:19+00:00,2370 Coney Island Avenue,Sheepshead Bay,40.59912428124853,-73.9614363,Real Results,Learning Centers & Studios,2018-05-17 17:56:36+00:00
Easy Times,2026-01-28 01:40:50+00:00,2668 Coney Island Avenue,Sheepshead Bay,40.59171596596835,-73.96087728,A N S Grocery Newsstand,Groceries & Convenience,2026-01-28 01:40:50+00:00
Freshly Baked NYC,2024-08-02 14:22:49+00:00,2375 Arthur Avenue,Belmont,40.855066071535845,-73.88814309,Fabco Shoes,Shoe Store,2023-12-10 10:26:53+00:00
Legacy Lifestyle Cannabis,2026-05-07 19:19:25+00:00,5901 Church Avenue,Canarsie,40.65273056114999,-73.92164994,Dunkin' Donuts,Coffee & Tea,2024-09-25 05:15:11+00:00
Flynnstoned,2025-10-16 20:07:24+00:00,8110 5th Avenue,Bay Ridge,40.624850452930445,-74.02468887,Roosevelt Savings Bank,Banks & Atms,2024-02-20 08:30:09+00:00
Purple Buds,2026-05-22 20:32:45+00:00,40-06 76th Street,Elmhurst,40.74684400112342,-73.8896239,Caroline Unisex Spa & Barber Shop,Barber Shops & Hair Salons,2026-05-22 20:32:45+00:00
Hudson Economics,2026-04-02 16:51:35+00:00,1981 86th Street,Bensonhurst,40.60484830332431,-73.99835953,Metro PCS,Electronics & Mobile Phones,2024-12-24 05:36:09+00:00
Bx Buddies Cannabis Dispensary,2025-11-04 17:36:24+00:00,2935 3rd Avenue,Melrose,40.81770885771929,-73.91558938,Amazing Savings Deal,Groceries & Convenience,2024-11-26 01:23:40+00:00
Keya Bliss,2025-01-22 02:42:42+00:00,8412 3rd Avenue,Bay Ridge,40.62474711530271,-74.0306893,Pilo Arts Day Spa & Salon,Massage & Relaxation,2024-11-05 06:22:30+00:00
Fireleaf NY,2024-11-13 19:20:20+00:00,2102 Ralph Avenue,Flatlands,40.626215708150085,-73.91816324,Capital One Bank,Banks & Atms,2023-08-31 04:17:52+00:00
High Dankery,2025-07-18 03:14:50+00:00,7815 3rd Avenue,Bay Ridge,40.62884382465152,-74.02870781,Brooklyn Smokes,"Vapes, Cigars & Accessories",2024-11-05 06:47:30+00:00
Green Klub,2025-11-05 02:47:24+00:00,108 South Street,Financial District,40.70700505176508,-74.00199679,Di Fara Pizza,Restaurant,2025-11-05 02:47:24+00:00
Big City Flavors,2026-02-25 19:02:00+00:00,111-19 Liberty Avenue,South Richmond Hill,40.68512088180523,-73.83045293,Karl Mohan Group Realty,"Business, Commercial & Professional Services",2025-12-06 02:57:11+00:00
Mecca,2026-05-11 19:11:20+00:00,95-31 Jamaica Avenue,Woodhaven,40.69459726379052,-73.84924885,God Bless You All Pharmacy,Pharmacy,2025-02-13 06:05:28+00:00
Alta,2024-11-13 19:20:20+00:00,52 Kenmare Street,Nolita,40.72067573560449,-73.99546905,C Tea,Coffee & Tea,2019-03-05 18:44:17+00:00
Green Cup,2025-08-28 05:28:29+00:00,95-38 Queens Boulevard,Rego Park,40.73018290373432,-73.86336901,Chase Bank,Banks & Atms,2023-07-12 22:16:10+00:00
Herbwell & Cannabis,2025-08-01 18:09:45+00:00,372 East Fordham Road,Fordham,40.86169633271761,-73.89251394,McDonald's,Restaurant,2024-02-02 15:42:47+00:00
Cannabis Cowboy,2026-05-07 19:03:57+00:00,110-04 Jamaica Avenue,Richmond Hill,40.69631666515411,-73.83775865,Associated Medical Services P.C.,Healthcare,2023-09-18 13:35:15+00:00
Flower Power,2026-03-06 21:34:59+00:00,71-10 Grand Avenue,Elmhurst,40.72786707219335,-73.89181026,Palermo Italian Bakery & Pastries,Sweets & Desserts,2023-12-07 10:48:20+00:00
CannaBees Dispensary,2026-05-29 19:49:11+00:00,64-01 Grand Avenue,Maspeth,40.7229752,-73.90152703,Valley National Bank,Banks & Atms,2023-12-07 10:51:49+00:00
Just A Little Higher,2025-09-11 20:23:13+00:00,138-72 Queens Boulevard,Briarwood,40.70697723824227,-73.81744127,No previous owner history,N/A,N/A
The Cannabis Place,2024-07-19 18:00:37+00:00,74-03 Metropolitan Avenue,Middle Village,40.71295292,-73.87808432,Chase Bank,Banks & Atms,2023-07-24 09:43:15+00:00
Happy Alta,2025-11-13 19:41:38+00:00,66-33 Fresh Pond Road,Glendale,40.70800715204975,-73.89756498,Polanco Brothers,"Vapes, Cigars & Accessories",2025-11-13 19:41:38+00:00
Woodhaven Cannabis Co,2025-12-05 06:40:25+00:00,63-08 Woodhaven Boulevard,Middle Village,40.72407736711344,-73.86931982,Homelegant,Furniture & Home Goods,2025-08-24 02:48:23+00:00
Garden Bliss,2025-08-28 05:48:51+00:00,1031 Southern Boulevard,Longwood,40.82372759880721,-73.89202345,Boulevard Menswear,Clothing Store,2025-03-25 00:52:31+00:00
Sunset Cannabis Club,2025-11-05 02:49:29+00:00,512 55th Street,Sunset Park,40.642055412671965,-74.01298207,DM Financial Services Inc.,Financial Services Center,2024-04-25 03:20:01+00:00
New Amsterdam,2025-04-23 17:03:22+00:00,245 West 14th Street,Chelsea,40.739516316814075,-74.00154467,Leafy Nyc,"Vapes, Cigars & Accessories",2024-11-10 03:05:43+00:00
Flynn Stoned,2026-04-27 21:11:05+00:00,599 10th Avenue,Hell's Kitchen,40.76063575600239,-73.99494617,The Spot,Bar,2025-06-15 23:31:03+00:00
Conbud,2024-04-02 19:51:44+00:00,85 Delancey Street,Lower East Side,40.71874941752233,-73.98960474,Coltown Properties Management,"Business, Commercial & Professional Services",2023-06-19 03:47:36+00:00
The Flowery,2025-07-24 20:59:40+00:00,70 Canal Street,Chinatown,40.71509537,-73.99291575,Bike Shop,Sporting Goods & Outdoor Equipment,2023-06-13 03:12:34+00:00
The Travel Agency,2024-07-19 18:00:37+00:00,122 Flatbush Avenue,Boerum Hill,40.68494342,-73.97831025,HSBC,Banks & Atms,2021-07-23 02:38:57+00:00
Stashmaster,2025-03-26 18:51:01+00:00,1119 Broadway,Bushwick,40.69383377910626,-73.92944282,4am Nyc Events,Performance Venue,2024-07-07 00:18:07+00:00
House Of Strains II,2026-05-22 20:34:17+00:00,133-36 Whitestone Expressway,Flushing,40.768760184420955,-73.83591059,Exit 14 Convenience Exotics,"Vapes, Cigars & Accessories",2026-05-22 20:34:17+00:00
Conbud,2024-08-02 14:14:14+00:00,2412 3rd Avenue,Mott Haven,40.808281969438355,-73.93053996,Mott Haven Bar & Grill,Restaurant,2023-06-05 00:07:47+00:00
JFK Cannabis,2025-12-18 21:28:50+00:00,175-01 149th Avenue,Springfield Gardens,40.65816466992564,-73.77038822,Grab & Go Convenience,"Vapes, Cigars & Accessories",2025-06-21 04:39:21+00:00
The Alchemy,2026-04-27 21:11:27+00:00,12 West 18th Street,Flatiron,40.73893204666203,-73.99301087,Tino's Artisan Pizza Co.,Restaurant,2025-05-18 04:10:45+00:00
The Vault Cannabis,2026-03-06 21:35:24+00:00,1151 Hylan Boulevard,Grasmere,40.598818026823636,-74.08124107,Chase Bank,Banks & Atms,2023-09-26 09:52:44+00:00
Happy Times Cannabis Co,2026-07-03 14:52:07+00:00,1399 Hylan Boulevard,Dongan Hills,40.594598298970965,-74.08679833,Asian Market,Groceries & Convenience,2026-07-03 14:52:07+00:00
The Weed Shoppe,2024-07-22 18:43:45+00:00,4906 Arthur Kill Road,Richmond Valley,40.52242991500867,-74.23863489,Staten Island Physical Therapy,Healthcare,2023-05-16 17:42:24+00:00
Clouditude Dispensary,2025-03-26 16:23:28+00:00,4034 Hylan Boulevard,Great Kills,40.54114925244323,-74.14677295,South Side Hardware Co. Inc.,Hardware & Home Improvement,2024-03-14 14:42:36+00:00
Gaslight Dispensary,2026-02-27 04:20:16+00:00,465 Forest Avenue,West Brighton,40.630914722045475,-74.10501898,Cards & Gifts,Cards & Stationery,2026-02-27 04:20:16+00:00
Flynn Stoned,2025-11-20 17:27:57+00:00,755 Forest Avenue,West Brighton,40.62926237210689,-74.11433674,Victory State Bank,Banks & Atms,2023-06-22 02:02:01+00:00
Gotham,2023-07-28 16:45:23+00:00,3 East 3rd Street,East Village,40.726283358492594,-73.99129768,No previous owner history,N/A,N/A
My Bud 420,2025-09-12 17:31:52+00:00,1794 East Tremont Avenue,Parkchester,40.84003732053887,-73.86773837,1794 East Tremont Ave Poultry,Groceries & Convenience,2025-09-12 17:31:52+00:00
Victory Dispensary,2026-07-03 14:51:06+00:00,3653 East Tremont Avenue,Throgs Neck,40.828106860095545,-73.82358912,Devine Touch Spa,Barber Shops & Hair Salons,2024-12-05 06:53:48+00:00
Saint Cannabis,2026-02-18 16:54:11+00:00,34-21 Greenpoint Avenue,Sunnyside,40.73685168199367,-73.93216239,Hanawoodworking,"Business, Commercial & Professional Services",2026-02-18 16:54:11+00:00
Flower Shak,2025-12-05 18:50:18+00:00,114-13 Rockaway Beach Boulevard,Rockaway Park,40.58004929747844,-73.83609367,ANG Carpet & Flooring,Furniture & Home Goods,2025-06-19 04:06:10+00:00
Munchies Dispensary NY,2024-12-24 06:18:29+00:00,87-01 Rockaway Beach Boulevard,Hammels,40.58698575656916,-73.81211507,Aaron's,Furniture & Home Goods,2023-09-28 10:16:02+00:00
Gaea's Garden,2025-04-01 17:08:39+00:00,134-24 Northern Boulevard,Flushing,40.76249888,-73.83376305,Enigma Escape Games,Fun & Games,2023-09-24 08:37:14+00:00
Aroma Farms,2025-03-26 17:04:01+00:00,209-15 Northern Boulevard,Bayside,40.75924744863613,-73.77407145,Heifers,Recycling Center,2024-10-11 02:15:04+00:00
Ignyte,2025-09-04 20:02:30+00:00,145-18 14th Avenue,Whitestone,40.78688716557147,-73.82169496,"NYC Print & Design, LLC.","Printing, Shipping & Postal",2023-09-23 09:57:42+00:00
Bayside Cannabis Dispensary,2025-01-08 19:37:26+00:00,224-15 Union Turnpike,Oakland Gardens,40.736075191325085,-73.7462364,European Image,Tanning Salon,2023-10-04 12:09:04+00:00
Green Flower Wellness,2025-04-01 17:09:34+00:00,214-24 73rd Avenue,Oakland Gardens,40.74038920997481,-73.75914731,Card & Gifts,Groceries & Convenience,2025-04-01 17:09:34+00:00
Just A Little Higher,2026-06-17 16:03:42+00:00,146-01 Union Turnpike,Kew Garden Hills,40.718139413268744,-73.81609801,Unoccupied,N/A,N/A
Vaporize Cannabis Dispensary,2025-05-16 17:08:18+00:00,124-20 Liberty Avenue,South Richmond Hill,40.68796334331037,-73.81939579,Potions Cocktail Bar,Bar,2025-05-16 17:08:18+00:00
Good Grades Cannabis Dispensary,2023-06-22 06:10:58+00:00,162-03 Jamaica Avenue,Jamaica,40.704536996751415,-73.79751308,BSW Beauty,Beauty Product Store,2023-06-22 06:10:58+00:00
Bleu Leaf Dispensary,2025-01-08 19:31:11+00:00,2034 Jerome Avenue,Tremont,40.85334866682177,-73.90757567,Jean Star,Clothing Store,2025-01-08 19:31:11+00:00
The Flowery,2025-11-13 19:40:14+00:00,3551 Boston Road,Williamsbridge,40.878204986773824,-73.84470047,Supreme Automotive Inc.,"Auto Dealers, Repair & Care",2023-08-17 09:35:11+00:00
A&P Dispensary,2026-03-06 21:36:01+00:00,81-37 Lefferts Blvd,Kew Gardens,40.70853401419964,-73.83057476,Aquarelle Salon Spa,Barber Shops & Hair Salons,2023-12-09 11:07:03+00:00
High Road,2026-03-19 20:12:05+00:00,185-24 Horace Harding Expressway,Utopia,40.740010665172406,-73.7884389,Sunshine Cafe,Restaurant,2025-09-04 01:50:07+00:00
Silk Road Nyc,2024-02-26 16:55:31+00:00,166-30 Jamaica Avenue,Jamaica,40.706088759125095,-73.79296304,McDonald's,Restaurant,2023-06-24 19:12:39+00:00
Sparkboro,2024-10-18 17:37:00+00:00,704 West 177th Street,Hudson Heights,40.847524792535324,-73.93839394,Poci√≥n Lounge,Restaurant,2023-03-23 02:36:42+00:00
Bud City Cannabis,2025-09-12 17:01:44+00:00,3343 Fulton Street,East New York,40.683711633102405,-73.8723381,Mellor's Drug Store,Pharmacy,2024-11-10 02:32:35+00:00
Hibernica,2024-08-02 14:26:52+00:00,3220 Westchester Avenue,Pelham Bay,40.851809517008434,-73.82881769,7-Eleven,Groceries & Convenience,2023-06-07 02:59:38+00:00
Oz Cannabis Dispensary,2025-12-05 18:49:54+00:00,956 Jewett Avenue,Westerleigh,40.61274262874318,-74.1311081,GTS Island Auto Parts,"Auto Dealers, Repair & Care",2025-03-20 04:57:56+00:00
Guardian Wellness,2026-02-17 21:27:55+00:00,2500 Arthur Avenue,Belmont,40.857975247933126,-73.88533795,Guardian Vape Shop,"Vapes, Cigars & Accessories",2025-01-07 21:22:11+00:00
ZenZest Cannabis Dispensary,2025-12-05 18:49:07+00:00,272-06 Union Turnpike,New Hyde Park,40.75217666651943,-73.70183606,Citibank,Banks & Atms,2024-07-18 05:04:16+00:00
ESH,2026-06-16 16:23:47+00:00,245-02 Merrick Boulevard,Rosedale,40.673899870598746,-73.7279588,Unoccupied,N/A,N/A
Sage Seeds,2026-03-19 20:11:40+00:00,248-13 Union Turnpike,Glen Oaks Village,40.74267021032651,-73.72169175,Bellerose RX Inc.,Pharmacy,2023-06-24 18:42:17+00:00
House of Strains,2024-08-02 17:03:45+00:00,161-05 29th Avenue,Whitestone,40.771309728219336,-73.80313797,Pippy & Lily,"Bags, Leather & Accessories",2023-09-26 11:43:20+00:00
ESH Cannabis Dispensary,2025-12-05 18:49:01+00:00,90-67 Sutphin Boulevard,Jamaica,40.70121460126282,-73.80769278,McDonald's,Restaurant,2023-06-16 04:42:33+00:00
Hush,2023-09-30 04:26:24+00:00,2460 Williamsbridge Road,Bronxwood,40.86235010721751,-73.85758049,Alba Bar Cafe,Bar,2018-12-17 18:57:38+00:00
Green Flower Wellness,2026-06-17 16:03:30+00:00,85-08 Pitkin Avenue,Ozone Park,40.67490018009252,-73.85109295,Party Affairs,Event Spaces & Banquet Halls,2026-06-17 16:03:30+00:00
Terp Bros,2025-12-05 18:48:08+00:00,135-24 Cross Bay Boulevard,Ozone Park,40.672692780517195,-73.84375567,Handfield House,Groceries & Convenience,2025-12-05 18:48:08+00:00
Quality Control Dispensary,2026-07-03 14:51:57+00:00,1172 Victory Boulevard,"Sunnyside, SI",40.61642057064435,-74.10320815,Vape & Smoke Shop,"Vapes, Cigars & Accessories",2026-07-03 14:51:57+00:00
Two Buds Dispensary,2024-06-24 17:30:06+00:00,696 East 241st Street,Wakefield,40.903400920918955,-73.85067811,Boost Mobile,Electronics & Mobile Phones,2020-03-02 20:55:30+00:00
High Stone Dispensary,2024-10-11 16:57:56+00:00,1938 Clove Road,Emerson Hill,40.60600211428019,-74.08676933,TRI Lounge & Cafe,Restaurant,2023-09-26 09:53:36+00:00
The Flowery,2025-06-17 05:02:51+00:00,2059 Richmond Avenue,Willowbrook,40.59747159858463,-74.16198693,State Farm,"Business, Commercial & Professional Services",2024-07-22 22:15:00+00:00
The Flowery,2023-10-23 06:15:34+00:00,3022 Veterans Road West,Charleston,40.528305420722916,-74.23593467,Penske,Transportation,2023-10-23 06:15:34+00:00
A Cannaful Life,2025-12-13 19:50:54+00:00,1547 Arthur Kill Road,Arden Heights,40.56413965138148,-74.19179899,Rookies Sports Bar & Grill,Bar,2023-10-16 07:08:58+00:00
Be.,2023-06-21 06:51:33+00:00,206 Flatbush Avenue,Park Slope,40.681342372269086,-73.97568863,Unoccupied,N/A,N/A
The Unit - Cannabis Dispensary,2026-06-17 16:04:06+00:00,246-01 Jericho Turnpike,Bellerose,40.725176451967315,-73.72201634,The Halal Bros of NY,Restaurant,2023-06-24 18:36:27+00:00
New York City Cannabis Exchange,2024-04-01 19:35:30+00:00,248-09 Jericho Turnpike,Bellerose,40.726287934404496,-73.71789484,Bellerose Smoke Shop,"Vapes, Cigars & Accessories",2023-10-09 10:57:35+00:00
CannaFamily Dispensary,2025-08-28 05:48:27+00:00,102-15 159th Road,Old Howard Beach,40.659900039923656,-73.83076464,Ostrorf Electrical Contractors INC.,"Business, Commercial & Professional Services",2025-08-28 05:48:27+00:00
Terminal 4/20,2026-03-02 15:51:11+00:00,247-12 South Conduit Avenue,Rosedale,40.665255907476535,-73.73068609,Pay-O-Matic,Financial Services Center,2025-06-21 04:42:42+00:00
Stash Box,2026-03-04 20:42:57+00:00,230-04 South Conduit Avenue,Brookville,40.66536752240364,-73.74717939,New Convenant Assembly Of God,Religious Center,2025-06-21 01:35:38+00:00
Green Flower Wellness,2025-04-01 17:09:41+00:00,270-01 Hillside Avenue,New Hyde Park,40.73923873274205,-73.70049195,Singh & Shah Income Tax & Business Services,"Business, Commercial & Professional Services",2025-04-01 17:09:41+00:00
Trends LIC,2024-04-26 19:10:51+00:00,27-25 44th Drive,Hunters Point,40.74646480982662,-73.94172143,Unoccupied,N/A,N/A
Bedford Club,2024-08-02 15:05:11+00:00,1102 Bedford Avenue,Bedford-Stuyvesant,40.68698299029063,-73.95477939,King Of The Sea,Restaurant,2024-05-01 04:40:59+00:00
Renaissant,2025-06-17 05:02:15+00:00,40-07 Queens Boulevard,Sunnyside,40.744043281159236,-73.92388822,Merit Group & Associates,"Business, Commercial & Professional Services",2024-11-26 05:18:28+00:00
Milligrams,2026-02-18 16:56:12+00:00,58 Greenpoint Avenue,Greenpoint,40.729663387448824,-73.95869084,Serenity,"Vapes, Cigars & Accessories",2025-08-05 02:58:11+00:00
Caldwell Cannabis Co.,2026-06-17 16:02:39+00:00,229 Beach 20th Street,Far Rockaway,40.596258910757655,-73.75434056,Sincere Home Care,"Business, Commercial & Professional Services",2026-06-17 16:02:39+00:00
Cannabis Realm,2026-05-29 18:22:21+00:00,172-02 Hillside Ave,Jamaica,40.711575142189844,-73.78998551,No previous owner history,N/A,N/A
7 Leaf Clover,2026-05-01 16:01:40+00:00,132 Metropolitan Ave,South Williamsburg,40.71618146045583,-73.96261588,Unoccupied,N/A,N/A
Flower Daddy,2026-01-15 19:52:14+00:00,539 Metropolitan Avenue,East Williamsburg,40.714171580559224,-73.95090241,The Glass Shop,"Vapes, Cigars & Accessories",2025-11-23 23:42:55+00:00
Gotham,2025-07-18 15:33:42+00:00,146 10th Ave,Chelsea,40.74526048216478,-74.00572778,Unoccupied,N/A,N/A
The THC Shop,2025-03-30 02:04:53+00:00,144-07 243rd Street,Rosedale,40.66003987134161,-73.73941658,Metro By T-Mobile,Electronics & Mobile Phones,2024-09-30 02:03:10+00:00
Hii NYC,2026-06-17 16:00:42+00:00,9206 3rd Avenue,Bay Ridge,40.619147965915744,-74.03297891,Street Sounds,Musical Instrument Store,2024-11-05 03:14:19+00:00
Soho Greenhouse,2024-04-27 15:06:40+00:00,9 Delancy Street,Lower East Side,40.719914945211144,-73.99346581,No previous owner history,N/A,N/A
Puro Vita,2025-01-23 17:47:51+00:00,288 Flushing Avenue,Clinton Hill,40.697702677317864,-73.964263,No previous owner history,N/A,N/A
Nicklz,2024-08-02 16:23:43+00:00,797 8th Avenue,Times Square,40.761328337627106,-73.98700938,No previous owner history,N/A,N/A
Gotham,2024-12-03 18:28:32+00:00,296 Kent Avenue,South Williamsburg,40.71442397303883,-73.96702784,No previous owner history,N/A,N/A
Dagmar Cannabis,2026-01-24 18:28:16+00:00,61 North 11th Street,North Williamsburg,40.722094918558184,-73.95846838,Unoccupied,N/A,N/A
Bronx Joint,2024-12-13 19:58:48+00:00,925 Hunts Point Avenue,Woodstock,40.82046572532559,-73.89132937,No previous owner history,N/A,N/A
RNR,2025-04-24 23:49:06+00:00,287 Harrison Place,East Williamsburg-Bushwick,40.70765671321746,-73.92437603,No previous owner history,N/A,N/A
Dispo,2025-04-28 18:58:27+00:00,584 4th Avenue,Gowanus,40.66571980397987,-73.99283905,No previous owner history,N/A,N/A
Sky High Club,2025-05-20 16:11:26+00:00,129 Avenue C,East Village,40.72488286136635,-73.97843803,No previous owner history,N/A,N/A
Ignyte - Legal Cannabis Dispensary,2025-07-11 20:21:57+00:00,387 Van Brunt Street,Red Hook,40.67603242069757,-74.01427307,No previous owner history,N/A,N/A
Seaweed,2026-03-06 15:55:45+00:00,73-05 Beach Channel Drive,Hammels,40.59065790851639,-73.80164777,No previous owner history,N/A,N/A
Green Apple Cannabis Dispensary,2025-10-15 18:40:29+00:00,572 Manhattan Ave,Greenpoint,40.72258196259793,-73.94999607,No previous owner history,N/A,N/A
Brooklyn Organic Buds,2025-12-22 19:01:44+00:00,623 Bergen Street,Prospect Heights,40.67970308413578,-73.96909744,No previous owner history,N/A,N/A
Rustik Smokes,2026-04-30 14:43:14+00:00,469 Dekalb Avenue,Bedford-Stuyvesant,40.690662384325094,-73.95837541,No previous owner history,N/A,N/A